,year,team,home_total_attendance,home_avg_attendance,road_avg_attendance,overall_avg_attendance
0,2023,Chicago Bulls,841632.0,20527.0,18243.0,19385.0
1,2023,Philadelphia 76ers,839261.0,20469.0,17910.0,19190.0
2,2023,Dallas Mavericks,827282.0,20177.0,18138.0,19158.0
3,2023,Miami Heat,807190.0,19687.0,18369.0,19028.0
4,2023,Boston Celtics,766240.0,19156.0,18830.0,18991.0
5,2023,New York Knicks,795110.0,19392.0,18467.0,18930.0
6,2023,Golden State Warriors,740624.0,18064.0,19772.0,18907.0
7,2023,Toronto Raptors,811261.0,19786.0,17755.0,18771.0
8,2023,Cleveland Cavaliers,777280.0,19432.0,18093.0,18754.0
9,2023,Los Angeles Lakers,763168.0,18613.0,18777.0,18695.0
10,2023,Denver Nuggets,788635.0,19235.0,17628.0,18431.0
11,2023,Portland Trail Blazers,767374.0,18716.0,17786.0,18257.0
12,2023,Detroit Pistons,759715.0,18529.0,17866.0,18197.0
13,2023,Utah Jazz,728240.0,18206.0,17881.0,18041.0
14,2023,Brooklyn Nets,724439.0,17669.0,18312.0,17990.0
15,2023,Milwaukee Bucks,718786.0,17531.0,18296.0,17913.0
16,2023,Orlando Magic,728405.0,17765.0,18013.0,17888.0
17,2023,Atlanta Hawks,719787.0,17555.0,18053.0,17804.0
18,2023,Memphis Grizzlies,707836.0,17264.0,18162.0,17713.0
19,2023,Phoenix Suns,682840.0,17071.0,18294.0,17690.0
20,2023,Los Angeles Clippers,720543.0,17574.0,17625.0,17599.0
21,2023,Charlotte Hornets,702052.0,17123.0,18032.0,17578.0
22,2023,Washington Wizards,710481.0,17328.0,17753.0,17541.0
23,2023,Sacramento Kings,715491.0,17451.0,17534.0,17492.0
24,2023,New Orleans Pelicans,687691.0,16772.0,18021.0,17397.0
25,2023,San Antonio Spurs,694434.0,16937.0,17649.0,17293.0
26,2023,Minnesota Timberwolves,687510.0,16768.0,17499.0,17133.0
27,2023,Houston Rockets,668865.0,16313.0,17677.0,16995.0
28,2023,Indiana Pacers,641562.0,15647.0,17900.0,16774.0
29,2023,Oklahoma City Thunder,636903.0,15534.0,17948.0,16726.0
30,2022,Chicago Bulls,856148.0,20881.0,18198.0,19556.0
31,2022,Philadelphia 76ers,846867.0,20655.0,16589.0,18622.0
32,2022,Miami Heat,804761.0,19628.0,17294.0,18476.0
33,2022,Dallas Mavericks,809315.0,19739.0,17092.0,18415.0
34,2022,Los Angeles Lakers,764631.0,18649.0,18179.0,18414.0
35,2022,Boston Celtics,766240.0,19156.0,17583.0,18360.0
36,2022,New York Knicks,763484.0,18621.0,17722.0,18177.0
37,2022,Golden State Warriors,740624.0,18064.0,18111.0,18087.0
38,2022,Toronto Raptors,547343.0,18873.0,17233.0,17913.0
39,2022,Cleveland Cavaliers,758228.0,18493.0,17134.0,17813.0
40,2022,Utah Jazz,750546.0,18306.0,16898.0,17610.0
41,2022,Milwaukee Bucks,715581.0,17453.0,17656.0,17555.0
42,2022,Brooklyn Nets,711539.0,17354.0,17456.0,17405.0
43,2022,Charlotte Hornets,700755.0,17091.0,17503.0,17294.0
44,2022,Phoenix Suns,679252.0,16567.0,17403.0,16979.0
45,2022,Los Angeles Clippers,694005.0,16926.0,16910.0,16918.0
46,2022,Denver Nuggets,695262.0,16957.0,16864.0,16911.0
47,2022,Portland Trail Blazers,705608.0,17209.0,16559.0,16888.0
48,2022,Memphis Grizzlies,646785.0,15775.0,17740.0,16757.0
49,2022,Atlanta Hawks,672742.0,16408.0,17073.0,16736.0
50,2022,Detroit Pistons,663556.0,16184.0,16752.0,16468.0
51,2022,Minnesota Timberwolves,657148.0,16028.0,16811.0,16419.0
52,2022,Washington Wizards,637215.0,15541.0,16939.0,16231.0
53,2022,Orlando Magic,622881.0,15192.0,17062.0,16127.0
54,2022,Houston Rockets,638977.0,15584.0,16655.0,16120.0
55,2022,New Orleans Pelicans,635941.0,15510.0,16727.0,16103.0
56,2022,San Antonio Spurs,615588.0,15014.0,16939.0,15965.0
57,2022,Oklahoma City Thunder,595112.0,14877.0,16638.0,15768.0
58,2022,Indiana Pacers,588743.0,14359.0,16794.0,15577.0
59,2022,Sacramento Kings,577583.0,14439.0,16598.0,15532.0
60,2021,Utah Jazz,151300.0,4450.0,3104.0,4077.0
61,2021,Orlando Magic,130712.0,3630.0,2954.0,3405.0
62,2021,Phoenix Suns,104027.0,3715.0,2951.0,3397.0
63,2021,Philadelphia 76ers,68583.0,3810.0,2693.0,3284.0
64,2021,Houston Rockets,117009.0,3250.0,3282.0,3259.0
65,2021,Dallas Mavericks,94849.0,3648.0,2316.0,3140.0
66,2021,Portland Trail Blazers,7756.0,1939.0,3420.0,3138.0
67,2021,San Antonio Spurs,61053.0,3052.0,3170.0,3111.0
68,2021,Miami Heat,0.0,0.0,3272.0,3108.0
69,2021,Denver Nuggets,54554.0,3636.0,2481.0,3023.0
70,2021,Charlotte Hornets,68255.0,3412.0,2475.0,2981.0
71,2021,Golden State Warriors,33457.0,3041.0,2873.0,2939.0
72,2021,Indiana Pacers,0.0,0.0,3030.0,2840.0
73,2021,Cleveland Cavaliers,91476.0,2950.0,2616.0,2828.0
74,2021,Los Angeles Lakers,23313.0,2331.0,3015.0,2762.0
75,2021,Washington Wizards,21331.0,2666.0,2678.0,2675.0
76,2021,New Orleans Pelicans,93120.0,2586.0,2793.0,2662.0
77,2021,Sacramento Kings,0.0,0.0,3007.0,2660.0
78,2021,Milwaukee Bucks,64780.0,2591.0,2644.0,2612.0
79,2021,Boston Celtics,30067.0,2312.0,2781.0,2607.0
80,2021,Los Angeles Clippers,13901.0,1737.0,2932.0,2590.0
81,2021,Chicago Bulls,13655.0,3413.0,2343.0,2538.0
82,2021,Memphis Grizzlies,61449.0,2194.0,2928.0,2500.0
83,2021,Atlanta Hawks,59288.0,2195.0,2786.0,2397.0
84,2021,New York Knicks,42131.0,1755.0,2803.0,2244.0
85,2021,Oklahoma City Thunder,0.0,0.0,2463.0,2203.0
86,2021,Brooklyn Nets,30491.0,1524.0,3005.0,2182.0
87,2021,Toronto Raptors,26024.0,2365.0,2046.0,2152.0
88,2021,Minnesota Timberwolves,15774.0,1434.0,2307.0,1937.0
89,2021,Detroit Pistons,14250.0,647.0,2946.0,1579.0
90,2020,Dallas Mavericks,682096.0,20061.0,18249.0,19169.0
91,2020,Philadelphia 76ers,639491.0,20628.0,17706.0,19122.0
92,2020,Los Angeles Lakers,588907.0,18997.0,18877.0,18936.0
93,2020,Miami Heat,629771.0,19680.0,18127.0,18891.0
94,2020,Toronto Raptors,633456.0,19795.0,17789.0,18792.0
95,2020,Boston Celtics,610864.0,19089.0,18409.0,18749.0
96,2020,Portland Trail Blazers,608634.0,19633.0,17941.0,18748.0
97,2020,Los Angeles Clippers,610176.0,19068.0,17855.0,18461.0
98,2020,Chicago Bulls,639352.0,18804.0,17767.0,18310.0
99,2020,New York Knicks,620789.0,18811.0,17767.0,18289.0
100,2020,Denver Nuggets,633153.0,19186.0,17163.0,18190.0
101,2020,Houston Rockets,578458.0,18076.0,18072.0,18074.0
102,2020,Oklahoma City Thunder,600699.0,18203.0,17855.0,18034.0
103,2020,Cleveland Cavaliers,623576.0,17816.0,18254.0,18014.0
104,2020,San Antonio Spurs,550515.0,18350.0,17588.0,17951.0
105,2020,Milwaukee Bucks,549036.0,17710.0,17892.0,17805.0
106,2020,Golden State Warriors,614176.0,18064.0,17454.0,17773.0
107,2020,Utah Jazz,567486.0,18306.0,17261.0,17767.0
108,2020,New Orleans Pelicans,528172.0,16505.0,18234.0,17369.0
109,2020,Sacramento Kings,520663.0,16795.0,17739.0,17282.0
110,2020,Orlando Magic,529870.0,17092.0,17243.0,17171.0
111,2020,Brooklyn Nets,524907.0,16403.0,17910.0,17157.0
112,2020,Washington Wizards,532702.0,16646.0,17587.0,17117.0
113,2020,Indiana Pacers,529002.0,16531.0,17297.0,16914.0
114,2020,Atlanta Hawks,545453.0,16042.0,17786.0,16901.0
115,2020,Memphis Grizzlies,523297.0,15857.0,17508.0,16670.0
116,2020,Phoenix Suns,550633.0,15732.0,17660.0,16622.0
117,2020,Charlotte Hornets,478591.0,15438.0,17564.0,16550.0
118,2020,Detroit Pistons,509463.0,15438.0,17641.0,16539.0
119,2020,Minnesota Timberwolves,482112.0,15066.0,17463.0,16264.0
120,2019,Golden State Warriors,803436.0,19596.0,18790.0,19193.0
121,2019,Philadelphia 76ers,838092.0,20441.0,17895.0,19168.0
122,2019,Dallas Mavericks,820569.0,20013.0,18073.0,19043.0
123,2019,Toronto Raptors,812822.0,19824.0,18239.0,19032.0
124,2019,Chicago Bulls,823475.0,20084.0,17822.0,18953.0
125,2019,Los Angeles Lakers,778877.0,18997.0,18862.0,18929.0
126,2019,Miami Heat,805264.0,19640.0,18176.0,18908.0
127,2019,Portland Trail Blazers,799345.0,19496.0,17992.0,18753.0
128,2019,Boston Celtics,763584.0,18624.0,18671.0,18647.0
129,2019,Cleveland Cavaliers,793337.0,19349.0,17632.0,18490.0
130,2019,New York Knicks,779087.0,19002.0,17566.0,18284.0
131,2019,Oklahoma City Thunder,746323.0,18203.0,17866.0,18034.0
132,2019,Houston Rockets,740392.0,18058.0,17921.0,17989.0
133,2019,Denver Nuggets,756457.0,18450.0,17474.0,17962.0
134,2019,Utah Jazz,750546.0,18306.0,17517.0,17911.0
135,2019,Milwaukee Bucks,721692.0,17602.0,18185.0,17893.0
136,2019,San Antonio Spurs,750616.0,18307.0,17381.0,17844.0
137,2019,Orlando Magic,720024.0,17561.0,17659.0,17610.0
138,2019,Washington Wizards,716996.0,17487.0,17509.0,17498.0
139,2019,Indiana Pacers,689310.0,16812.0,17957.0,17377.0
140,2019,Los Angeles Clippers,710327.0,17325.0,17233.0,17279.0
141,2019,Detroit Pistons,675963.0,16486.0,17819.0,17153.0
142,2019,Sacramento Kings,700975.0,17096.0,17199.0,17148.0
143,2019,Charlotte Hornets,676570.0,16501.0,17648.0,17074.0
144,2019,New Orleans Pelicans,656183.0,16004.0,17667.0,16835.0
145,2019,Phoenix Suns,627023.0,15293.0,17982.0,16638.0
146,2019,Memphis Grizzlies,607564.0,15578.0,17579.0,16604.0
147,2019,Atlanta Hawks,628440.0,15327.0,17786.0,16557.0
148,2019,Brooklyn Nets,612597.0,14941.0,18085.0,16513.0
149,2019,Minnesota Timberwolves,627543.0,15305.0,17641.0,16473.0
150,2018,Cleveland Cavaliers,843042.0,20562.0,19071.0,19825.0
151,2018,Chicago Bulls,851824.0,20776.0,18030.0,19403.0
152,2018,Golden State Warriors,803436.0,19596.0,18884.0,19240.0
153,2018,Philadelphia 76ers,833503.0,20329.0,18012.0,19185.0
154,2018,Miami Heat,785250.0,19631.0,18177.0,18895.0
155,2018,Los Angeles Lakers,776327.0,18934.0,18655.0,18796.0
156,2018,New York Knicks,792608.0,19331.0,18179.0,18762.0
157,2018,Toronto Raptors,813431.0,19839.0,17673.0,18756.0
158,2018,Boston Celtics,744960.0,18624.0,18588.0,18606.0
159,2018,Dallas Mavericks,811453.0,19791.0,17374.0,18597.0
160,2018,Oklahoma City Thunder,746323.0,18203.0,18866.0,18534.0
161,2018,Portland Trail Blazers,795328.0,19398.0,17556.0,18477.0
162,2018,San Antonio Spurs,754562.0,18403.0,18427.0,18415.0
163,2018,Houston Rockets,716008.0,17900.0,18369.0,18137.0
164,2018,Washington Wizards,718946.0,17973.0,17682.0,17826.0
165,2018,Orlando Magic,715728.0,17893.0,17651.0,17770.0
166,2018,Utah Jazz,734806.0,17922.0,17495.0,17708.0
167,2018,Detroit Pistons,713945.0,17413.0,17959.0,17686.0
168,2018,Milwaukee Bucks,685303.0,16714.0,18380.0,17547.0
169,2018,Sacramento Kings,649571.0,17555.0,17478.0,17515.0
170,2018,Denver Nuggets,702796.0,17141.0,17871.0,17506.0
171,2018,Minnesota Timberwolves,699308.0,17056.0,17850.0,17453.0
172,2018,Los Angeles Clippers,697812.0,17019.0,17735.0,17373.0
173,2018,Phoenix Suns,674655.0,16866.0,17610.0,17243.0
174,2018,New Orleans Pelicans,673920.0,16437.0,17911.0,17174.0
175,2018,Charlotte Hornets,671404.0,16375.0,17623.0,16999.0
176,2018,Indiana Pacers,658119.0,16051.0,17749.0,16889.0
177,2018,Memphis Grizzlies,653863.0,15947.0,17348.0,16648.0
178,2018,Brooklyn Nets,622278.0,15556.0,17687.0,16622.0
179,2018,Atlanta Hawks,590769.0,14409.0,17854.0,16088.0
180,2017,Chicago Bulls,888882.0,21680.0,18033.0,19856.0
181,2017,Cleveland Cavaliers,843042.0,20562.0,19021.0,19791.0
182,2017,Golden State Warriors,803436.0,19596.0,19015.0,19305.0
183,2017,Toronto Raptors,813050.0,19830.0,17925.0,18878.0
184,2017,New York Knicks,810741.0,19774.0,17927.0,18850.0
185,2017,Miami Heat,805400.0,19643.0,17818.0,18731.0
186,2017,Dallas Mavericks,811366.0,19789.0,17519.0,18654.0
187,2017,Los Angeles Lakers,776917.0,18949.0,18191.0,18570.0
188,2017,Los Angeles Clippers,782609.0,19088.0,17889.0,18488.0
189,2017,Utah Jazz,806605.0,19673.0,17212.0,18442.0
190,2017,Portland Trail Blazers,792029.0,19317.0,17555.0,18436.0
191,2017,Boston Celtics,760690.0,18553.0,18313.0,18433.0
192,2017,Oklahoma City Thunder,746323.0,18203.0,18373.0,18288.0
193,2017,San Antonio Spurs,755347.0,18423.0,18131.0,18277.0
194,2017,Houston Rockets,695903.0,16973.0,18140.0,17556.0
195,2017,Sacramento Kings,721928.0,17608.0,17489.0,17548.0
196,2017,Orlando Magic,727875.0,17753.0,17333.0,17543.0
197,2017,Washington Wizards,697107.0,17002.0,17949.0,17476.0
198,2017,Phoenix Suns,708639.0,17283.0,17618.0,17451.0
199,2017,Charlotte Hornets,710643.0,17332.0,17563.0,17448.0
200,2017,Indiana Pacers,684578.0,16697.0,17848.0,17272.0
201,2017,Philadelphia 76ers,710557.0,17330.0,17209.0,17269.0
202,2017,New Orleans Pelicans,663099.0,16173.0,18062.0,17118.0
203,2017,Memphis Grizzlies,677314.0,16519.0,17655.0,17087.0
204,2017,Atlanta Hawks,654306.0,15958.0,17816.0,16887.0
205,2017,Milwaukee Bucks,648952.0,15828.0,17928.0,16878.0
206,2017,Detroit Pistons,655141.0,15979.0,17699.0,16839.0
207,2017,Brooklyn Nets,632608.0,15429.0,17755.0,16592.0
208,2017,Minnesota Timberwolves,607203.0,14809.0,18113.0,16461.0
209,2017,Denver Nuggets,605585.0,14770.0,17420.0,16095.0
210,2016,Chicago Bulls,894659.0,21820.0,18156.0,19988.0
211,2016,Cleveland Cavaliers,843042.0,20562.0,18910.0,19736.0
212,2016,Golden State Warriors,803436.0,19596.0,19134.0,19365.0
213,2016,New York Knicks,812292.0,19812.0,18440.0,19126.0
214,2016,Los Angeles Lakers,778877.0,18997.0,19149.0,19073.0
215,2016,Dallas Mavericks,825901.0,20143.0,17727.0,18935.0
216,2016,Miami Heat,809350.0,19740.0,18044.0,18892.0
217,2016,Portland Trail Blazers,794085.0,19367.0,17703.0,18535.0
218,2016,Toronto Raptors,812863.0,19825.0,17162.0,18494.0
219,2016,Los Angeles Clippers,786910.0,19192.0,17792.0,18492.0
220,2016,Utah Jazz,791489.0,19304.0,17378.0,18341.0
221,2016,Oklahoma City Thunder,746323.0,18203.0,18258.0,18230.0
222,2016,San Antonio Spurs,756445.0,18449.0,17938.0,18194.0
223,2016,Houston Rockets,737244.0,17981.0,17740.0,17861.0
224,2016,Boston Celtics,749076.0,18270.0,17439.0,17854.0
225,2016,Washington Wizards,725426.0,17693.0,17787.0,17740.0
226,2016,Charlotte Hornets,716894.0,17485.0,17784.0,17634.0
227,2016,Orlando Magic,719275.0,17543.0,17175.0,17359.0
228,2016,Indiana Pacers,690733.0,16847.0,17851.0,17349.0
229,2016,New Orleans Pelicans,688549.0,16793.0,17851.0,17322.0
230,2016,Sacramento Kings,707526.0,17256.0,17355.0,17306.0
231,2016,Atlanta Hawks,690150.0,16832.0,17611.0,17222.0
232,2016,Detroit Pistons,677138.0,16515.0,17814.0,17164.0
233,2016,Memphis Grizzlies,684603.0,16697.0,17589.0,17143.0
234,2016,Phoenix Suns,701405.0,17107.0,16881.0,16994.0
235,2016,Brooklyn Nets,620142.0,15125.0,18106.0,16615.0
236,2016,Milwaukee Bucks,621808.0,15166.0,17623.0,16394.0
237,2016,Philadelphia 76ers,610121.0,14881.0,17491.0,16186.0
238,2016,Minnesota Timberwolves,581178.0,14175.0,17831.0,16003.0
239,2016,Denver Nuggets,577898.0,14095.0,17751.0,15923.0
240,2015,Chicago Bulls,875091.0,21343.0,18404.0,19874.0
241,2015,Cleveland Cavaliers,843042.0,20562.0,18915.0,19738.0
242,2015,Golden State Warriors,803436.0,19596.0,18312.0,18954.0
243,2015,Dallas Mavericks,827702.0,20187.0,17653.0,18920.0
244,2015,Miami Heat,808223.0,19712.0,17703.0,18708.0
245,2015,New York Knicks,812292.0,19812.0,17462.0,18637.0
246,2015,Toronto Raptors,809824.0,19751.0,17522.0,18637.0
247,2015,Los Angeles Clippers,785892.0,19168.0,18079.0,18623.0
248,2015,Portland Trail Blazers,801733.0,19554.0,17657.0,18605.0
249,2015,Los Angeles Lakers,768244.0,18737.0,17875.0,18306.0
250,2015,San Antonio Spurs,762855.0,18606.0,17972.0,18289.0
251,2015,Washington Wizards,747796.0,18238.0,18253.0,18246.0
252,2015,Houston Rockets,747412.0,18229.0,17969.0,18099.0
253,2015,Oklahoma City Thunder,746323.0,18203.0,17956.0,18079.0
254,2015,Utah Jazz,772059.0,18830.0,17135.0,17982.0
255,2015,Memphis Grizzlies,710502.0,17329.0,18017.0,17673.0
256,2015,Boston Celtics,721350.0,17593.0,17741.0,17667.0
257,2015,Brooklyn Nets,698529.0,17037.0,18039.0,17538.0
258,2015,Atlanta Hawks,713909.0,17412.0,17582.0,17497.0
259,2015,Charlotte Hornets,704886.0,17192.0,17654.0,17423.0
260,2015,Indiana Pacers,691434.0,16864.0,17892.0,17378.0
261,2015,Phoenix Suns,693862.0,16923.0,17586.0,17254.0
262,2015,Orlando Magic,688194.0,16785.0,17585.0,17185.0
263,2015,New Orleans Pelicans,683757.0,16677.0,17640.0,17158.0
264,2015,Sacramento Kings,680049.0,16586.0,17515.0,17050.0
265,2015,Detroit Pistons,625917.0,15266.0,17866.0,16566.0
266,2015,Minnesota Timberwolves,595652.0,14528.0,18000.0,16264.0
267,2015,Denver Nuggets,602707.0,14700.0,17437.0,16068.0
268,2015,Milwaukee Bucks,611226.0,14907.0,17180.0,16044.0
269,2015,Philadelphia 76ers,571572.0,13940.0,17665.0,15802.0
270,2014,Chicago Bulls,890370.0,21716.0,17551.0,19634.0
271,2014,Miami Heat,811036.0,19781.0,19190.0,19486.0
272,2014,New York Knicks,812292.0,19812.0,17422.0,18617.0
273,2014,Dallas Mavericks,817982.0,19950.0,17268.0,18609.0
274,2014,Golden State Warriors,803436.0,19596.0,17526.0,18561.0
275,2014,Portland Trail Blazers,809612.0,19746.0,17312.0,18529.0
276,2014,Los Angeles Lakers,771974.0,18828.0,17845.0,18337.0
277,2014,Los Angeles Clippers,787692.0,19212.0,17218.0,18215.0
278,2014,Oklahoma City Thunder,746323.0,18203.0,18170.0,18186.0
279,2014,San Antonio Spurs,755031.0,18415.0,17627.0,18021.0
280,2014,Boston Celtics,742400.0,18107.0,17484.0,17796.0
281,2014,Houston Rockets,743082.0,18123.0,17427.0,17775.0
282,2014,Utah Jazz,745203.0,18175.0,17295.0,17735.0
283,2014,Indiana Pacers,717542.0,17501.0,17872.0,17686.0
284,2014,Toronto Raptors,748339.0,18252.0,16702.0,17477.0
285,2014,Brooklyn Nets,707331.0,17251.0,17528.0,17390.0
286,2014,Cleveland Cavaliers,710522.0,17329.0,17388.0,17358.0
287,2014,Washington Wizards,698068.0,17026.0,17183.0,17104.0
288,2014,Denver Nuggets,692898.0,16899.0,17211.0,17055.0
289,2014,Memphis Grizzlies,685458.0,16718.0,17269.0,16993.0
290,2014,New Orleans Pelicans,672029.0,16390.0,17397.0,16894.0
291,2014,Sacramento Kings,667949.0,16291.0,16859.0,16575.0
292,2014,Phoenix Suns,650739.0,15871.0,17250.0,16560.0
293,2014,Orlando Magic,666046.0,16245.0,16583.0,16414.0
294,2014,Charlotte Hornets,636268.0,15518.0,17026.0,16272.0
295,2014,Detroit Pistons,615238.0,15005.0,17280.0,16143.0
296,2014,Minnesota Timberwolves,597157.0,14564.0,17605.0,16085.0
297,2014,Atlanta Hawks,587927.0,14339.0,17274.0,15807.0
298,2014,Philadelphia 76ers,568632.0,13869.0,17441.0,15655.0
299,2014,Milwaukee Bucks,552967.0,13487.0,17013.0,15250.0
300,2013,Chicago Bulls,896944.0,21876.0,18144.0,20010.0
301,2013,Miami Heat,819290.0,19982.0,19090.0,19536.0
302,2013,Los Angeles Lakers,778877.0,18997.0,18866.0,18931.0
303,2013,Dallas Mavericks,821490.0,20036.0,17613.0,18824.0
304,2013,New York Knicks,780353.0,19033.0,18271.0,18652.0
305,2013,Los Angeles Clippers,788293.0,19226.0,17806.0,18516.0
306,2013,Golden State Warriors,794320.0,19373.0,17204.0,18288.0
307,2013,Portland Trail Blazers,813012.0,19829.0,16727.0,18278.0
308,2013,Oklahoma City Thunder,746323.0,18203.0,18335.0,18269.0
309,2013,Boston Celtics,744960.0,18624.0,17768.0,18191.0
310,2013,San Antonio Spurs,755700.0,18431.0,17290.0,17861.0
311,2013,Utah Jazz,765915.0,18680.0,16769.0,17724.0
312,2013,Denver Nuggets,730616.0,17819.0,17401.0,17610.0
313,2013,Houston Rockets,683564.0,16672.0,17982.0,17327.0
314,2013,Toronto Raptors,743936.0,18144.0,16313.0,17229.0
315,2013,Brooklyn Nets,704702.0,17187.0,17239.0,17213.0
316,2013,Orlando Magic,721414.0,17595.0,16821.0,17208.0
317,2013,Philadelphia 76ers,685412.0,16717.0,17323.0,17020.0
318,2013,Memphis Grizzlies,681613.0,16624.0,17194.0,16909.0
319,2013,Minnesota Timberwolves,669956.0,16340.0,17034.0,16687.0
320,2013,Cleveland Cavaliers,663882.0,16192.0,16780.0,16486.0
321,2013,Phoenix Suns,632913.0,15436.0,17152.0,16294.0
322,2013,Washington Wizards,670070.0,16343.0,16193.0,16268.0
323,2013,Indiana Pacers,626069.0,15269.0,17061.0,16154.0
324,2013,Atlanta Hawks,620146.0,15125.0,17165.0,16145.0
325,2013,Milwaukee Bucks,616469.0,15035.0,16919.0,15977.0
326,2013,Charlotte Hornets,628293.0,15324.0,16502.0,15913.0
327,2013,Detroit Pistons,606094.0,14782.0,16885.0,15834.0
328,2013,New Orleans Pelicans,565930.0,13803.0,17254.0,15528.0
329,2013,Sacramento Kings,563743.0,13749.0,17305.0,15527.0
330,2012,Chicago Bulls,731326.0,22161.0,17989.0,20075.0
331,2012,Miami Heat,657855.0,19935.0,19399.0,19667.0
332,2012,New York Knicks,652179.0,19763.0,18407.0,19085.0
333,2012,Dallas Mavericks,671050.0,20334.0,17712.0,19023.0
334,2012,Los Angeles Lakers,626901.0,18997.0,19034.0,19015.0
335,2012,Portland Trail Blazers,676384.0,20496.0,17164.0,18830.0
336,2012,Los Angeles Clippers,634237.0,19219.0,18342.0,18781.0
337,2012,Boston Celtics,614592.0,18624.0,18288.0,18456.0
338,2012,Utah Jazz,637124.0,19306.0,16929.0,18118.0
339,2012,Oklahoma City Thunder,600699.0,18203.0,18031.0,18117.0
340,2012,Orlando Magic,623587.0,18896.0,17161.0,18028.0
341,2012,San Antonio Spurs,607095.0,18396.0,16990.0,17693.0
342,2012,Golden State Warriors,622311.0,18857.0,16364.0,17611.0
343,2012,Philadelphia 76ers,577597.0,17502.0,16764.0,17133.0
344,2012,Denver Nuggets,561966.0,17029.0,17228.0,17128.0
345,2012,Minnesota Timberwolves,577197.0,17490.0,16310.0,16900.0
346,2012,Toronto Raptors,555584.0,16835.0,16732.0,16784.0
347,2012,Phoenix Suns,514718.0,15597.0,17806.0,16702.0
348,2012,Houston Rockets,506994.0,15363.0,17733.0,16548.0
349,2012,Washington Wizards,552038.0,16728.0,16361.0,16544.0
350,2012,Memphis Grizzlies,518256.0,15704.0,17068.0,16386.0
351,2012,Cleveland Cavaliers,525577.0,15926.0,16723.0,16324.0
352,2012,Atlanta Hawks,501593.0,15199.0,16820.0,16010.0
353,2012,New Orleans Pelicans,498618.0,15109.0,16717.0,15913.0
354,2012,Sacramento Kings,478764.0,14508.0,16905.0,15706.0
355,2012,Milwaukee Bucks,485717.0,14718.0,16661.0,15689.0
356,2012,Charlotte Hornets,486984.0,14757.0,16534.0,15645.0
357,2012,Brooklyn Nets,460719.0,13961.0,17081.0,15521.0
358,2012,Indiana Pacers,467561.0,14168.0,16597.0,15382.0
359,2012,Detroit Pistons,475638.0,14413.0,16342.0,15378.0
360,2011,Chicago Bulls,893462.0,21791.0,18431.0,20111.0
361,2011,Miami Heat,810930.0,19778.0,19447.0,19612.0
362,2011,Los Angeles Lakers,778877.0,18997.0,19087.0,19042.0
363,2011,New York Knicks,808879.0,19728.0,18044.0,18886.0
364,2011,Boston Celtics,763584.0,18624.0,18964.0,18794.0
365,2011,Portland Trail Blazers,840924.0,20510.0,16333.0,18422.0
366,2011,Utah Jazz,799982.0,19511.0,17331.0,18421.0
367,2011,Dallas Mavericks,824162.0,20101.0,16657.0,18379.0
368,2011,Orlando Magic,777852.0,18972.0,17428.0,18200.0
369,2011,Cleveland Cavaliers,824595.0,20112.0,16200.0,18156.0
370,2011,Oklahoma City Thunder,744068.0,18148.0,17774.0,17961.0
371,2011,Golden State Warriors,766398.0,18692.0,17049.0,17871.0
372,2011,San Antonio Spurs,750879.0,18314.0,17389.0,17851.0
373,2011,Los Angeles Clippers,727462.0,17742.0,17614.0,17678.0
374,2011,Phoenix Suns,720249.0,17567.0,17462.0,17514.0
375,2011,Denver Nuggets,692968.0,16901.0,17285.0,17093.0
376,2011,Washington Wizards,688466.0,16791.0,17192.0,16992.0
377,2011,Toronto Raptors,679208.0,16566.0,16855.0,16710.0
378,2011,Detroit Pistons,683080.0,16660.0,16732.0,16696.0
379,2011,Houston Rockets,663839.0,16191.0,16943.0,16567.0
380,2011,Atlanta Hawks,641596.0,15648.0,16957.0,16303.0
381,2011,Milwaukee Bucks,631910.0,15412.0,16911.0,16162.0
382,2011,Charlotte Hornets,649694.0,15846.0,16473.0,16159.0
383,2011,Minnesota Timberwolves,624960.0,15242.0,16885.0,16064.0
384,2011,Philadelphia 76ers,604823.0,14751.0,17155.0,15953.0
385,2011,New Orleans Pelicans,603088.0,14709.0,17179.0,15944.0
386,2011,Sacramento Kings,569496.0,13890.0,17400.0,15645.0
387,2011,Brooklyn Nets,581378.0,14179.0,17098.0,15639.0
388,2011,Memphis Grizzlies,600687.0,14650.0,16441.0,15546.0
389,2011,Indiana Pacers,555077.0,13538.0,16844.0,15191.0
390,2010,Cleveland Cavaliers,843042.0,20562.0,19200.0,19881.0
391,2010,Chicago Bulls,849760.0,20725.0,17735.0,19230.0
392,2010,Los Angeles Lakers,778877.0,18997.0,19265.0,19131.0
393,2010,Dallas Mavericks,819770.0,19994.0,17129.0,18561.0
394,2010,Portland Trail Blazers,840411.0,20497.0,16546.0,18521.0
395,2010,New York Knicks,799550.0,19501.0,17315.0,18408.0
396,2010,Utah Jazz,794512.0,19378.0,17095.0,18237.0
397,2010,Boston Celtics,744961.0,18169.0,18154.0,18161.0
398,2010,Detroit Pistons,768826.0,18751.0,17104.0,17928.0
399,2010,San Antonio Spurs,741676.0,18089.0,17707.0,17898.0
400,2010,Miami Heat,726935.0,17730.0,18040.0,17885.0
401,2010,Denver Nuggets,737812.0,17995.0,17446.0,17720.0
402,2010,Orlando Magic,715901.0,17461.0,17838.0,17649.0
403,2010,Phoenix Suns,723582.0,17648.0,17376.0,17512.0
404,2010,Oklahoma City Thunder,738149.0,18003.0,16876.0,17440.0
405,2010,Golden State Warriors,739120.0,18027.0,16443.0,17235.0
406,2010,Toronto Raptors,733784.0,17897.0,16466.0,17181.0
407,2010,Atlanta Hawks,678375.0,16545.0,17097.0,16821.0
408,2010,Houston Rockets,677658.0,16528.0,16616.0,16572.0
409,2010,Washington Wizards,664398.0,16204.0,16487.0,16346.0
410,2010,Los Angeles Clippers,670063.0,16343.0,16225.0,16284.0
411,2010,New Orleans Pelicans,620366.0,15130.0,17168.0,16149.0
412,2010,Charlotte Hornets,648790.0,15824.0,16256.0,16040.0
413,2010,Milwaukee Bucks,619453.0,15108.0,16823.0,15965.0
414,2010,Minnesota Timberwolves,619170.0,15101.0,16112.0,15607.0
415,2010,Indiana Pacers,582295.0,14202.0,16955.0,15578.0
416,2010,Philadelphia 76ers,583219.0,14224.0,16889.0,15556.0
417,2010,Sacramento Kings,543416.0,13254.0,16973.0,15113.0
418,2010,Memphis Grizzlies,552914.0,13485.0,16691.0,15088.0
419,2010,Brooklyn Nets,537230.0,13103.0,16446.0,14774.0
420,2009,Detroit Pistons,896971.0,21877.0,18024.0,19950.0
421,2009,Cleveland Cavaliers,820439.0,20010.0,18899.0,19455.0
422,2009,Chicago Bulls,847903.0,21197.0,17558.0,19355.0
423,2009,Los Angeles Lakers,778877.0,18997.0,19268.0,19130.0
424,2009,Portland Trail Blazers,841499.0,20524.0,17167.0,18866.0
425,2009,Boston Celtics,763584.0,18624.0,18975.0,18799.0
426,2009,Dallas Mavericks,821723.0,20042.0,17102.0,18572.0
427,2009,New York Knicks,790801.0,19287.0,17729.0,18518.0
428,2009,Utah Jazz,816042.0,19903.0,17038.0,18470.0
429,2009,Phoenix Suns,755302.0,18422.0,18122.0,18272.0
430,2009,Miami Heat,729178.0,18229.0,18150.0,18189.0
431,2009,San Antonio Spurs,749048.0,18269.0,17626.0,17951.0
432,2009,Golden State Warriors,776660.0,18942.0,16942.0,17942.0
433,2009,Toronto Raptors,769707.0,18773.0,16785.0,17779.0
434,2009,Oklahoma City Thunder,747732.0,18693.0,16679.0,17674.0
435,2009,Houston Rockets,699280.0,17482.0,17589.0,17536.0
436,2009,Orlando Magic,698768.0,17043.0,17900.0,17466.0
437,2009,New Orleans Pelicans,695727.0,16968.0,17702.0,17331.0
438,2009,Denver Nuggets,706165.0,17223.0,17227.0,17225.0
439,2009,Atlanta Hawks,686688.0,16748.0,17303.0,17025.0
440,2009,Washington Wizards,681117.0,16612.0,17157.0,16884.0
441,2009,Los Angeles Clippers,646830.0,16170.0,17202.0,16692.0
442,2009,Philadelphia 76ers,647898.0,15802.0,17358.0,16570.0
443,2009,Brooklyn Nets,621062.0,15147.0,17586.0,16367.0
444,2009,Milwaukee Bucks,630976.0,15389.0,16947.0,16168.0
445,2009,Charlotte Hornets,581049.0,14526.0,17310.0,15935.0
446,2009,Minnesota Timberwolves,594743.0,14505.0,16845.0,15661.0
447,2009,Indiana Pacers,581472.0,14182.0,16628.0,15405.0
448,2009,Memphis Grizzlies,509806.0,12745.0,17101.0,14949.0
449,2009,Sacramento Kings,502852.0,12571.0,17227.0,14928.0
450,2008,Detroit Pistons,905116.0,22076.0,17714.0,19895.0
451,2008,Chicago Bulls,901502.0,21987.0,17353.0,19670.0
452,2008,Cleveland Cavaliers,839074.0,20465.0,17992.0,19228.0
453,2008,Dallas Mavericks,831738.0,20286.0,17716.0,19001.0
454,2008,Los Angeles Lakers,778877.0,18997.0,18671.0,18834.0
455,2008,Boston Celtics,763584.0,18624.0,19042.0,18833.0
456,2008,Utah Jazz,816211.0,19907.0,17215.0,18561.0
457,2008,Miami Heat,798004.0,19463.0,17503.0,18483.0
458,2008,Golden State Warriors,804864.0,19630.0,17255.0,18443.0
459,2008,New York Knicks,783739.0,19115.0,17429.0,18272.0
460,2008,San Antonio Spurs,761149.0,18564.0,17954.0,18259.0
461,2008,Phoenix Suns,755302.0,18422.0,18046.0,18234.0
462,2008,Portland Trail Blazers,801566.0,19550.0,16700.0,18125.0
463,2008,Toronto Raptors,796835.0,19435.0,16653.0,18044.0
464,2008,Denver Nuggets,711962.0,17364.0,18115.0,17740.0
465,2008,Houston Rockets,718524.0,17524.0,17527.0,17526.0
466,2008,Orlando Magic,709346.0,17301.0,17540.0,17420.0
467,2008,Washington Wizards,736461.0,17962.0,16774.0,17368.0
468,2008,Los Angeles Clippers,692408.0,16888.0,16628.0,16758.0
469,2008,Brooklyn Nets,641921.0,15656.0,17610.0,16633.0
470,2008,Atlanta Hawks,667518.0,16280.0,16853.0,16567.0
471,2008,Milwaukee Bucks,639421.0,15595.0,16738.0,16167.0
472,2008,Philadelphia 76ers,609675.0,14870.0,17231.0,16050.0
473,2008,Charlotte Hornets,603403.0,14717.0,17294.0,16005.0
474,2008,Sacramento Kings,580181.0,14150.0,17209.0,15680.0
475,2008,Minnesota Timberwolves,593537.0,14476.0,16801.0,15639.0
476,2008,New Orleans Pelicans,581432.0,14181.0,16905.0,15543.0
477,2008,Oklahoma City Thunder,547556.0,13355.0,17158.0,15257.0
478,2008,Memphis Grizzlies,523578.0,12770.0,16985.0,14877.0
479,2008,Indiana Pacers,501092.0,12221.0,17217.0,14719.0
480,2007,Chicago Bulls,912364.0,22252.0,18153.0,20202.0
481,2007,Detroit Pistons,905116.0,22076.0,18001.0,20038.0
482,2007,Cleveland Cavaliers,837883.0,20436.0,18940.0,19688.0
483,2007,Miami Heat,808541.0,19720.0,18945.0,19332.0
484,2007,Dallas Mavericks,834411.0,20351.0,17821.0,19086.0
485,2007,Los Angeles Lakers,778415.0,18985.0,18917.0,18951.0
486,2007,Utah Jazz,802214.0,19566.0,17501.0,18533.0
487,2007,Phoenix Suns,755302.0,18422.0,18541.0,18481.0
488,2007,New York Knicks,771017.0,18805.0,17984.0,18394.0
489,2007,San Antonio Spurs,764823.0,18654.0,17464.0,18059.0
490,2007,Los Angeles Clippers,755261.0,18421.0,17406.0,17913.0
491,2007,Washington Wizards,753283.0,18372.0,17270.0,17821.0
492,2007,Toronto Raptors,748603.0,18258.0,17347.0,17802.0
493,2007,Denver Nuggets,706437.0,17230.0,18163.0,17696.0
494,2007,Golden State Warriors,742267.0,18104.0,17012.0,17558.0
495,2007,New Orleans Pelicans,731165.0,17833.0,16981.0,17407.0
496,2007,Brooklyn Nets,693955.0,16925.0,17870.0,17398.0
497,2007,Houston Rockets,678362.0,16545.0,18187.0,17366.0
498,2007,Sacramento Kings,709997.0,17317.0,17282.0,17299.0
499,2007,Orlando Magic,700887.0,17094.0,17470.0,17282.0
500,2007,Boston Celtics,690576.0,16843.0,17570.0,17206.0
501,2007,Portland Trail Blazers,670778.0,16360.0,17558.0,16959.0
502,2007,Minnesota Timberwolves,655947.0,15998.0,17894.0,16946.0
503,2007,Milwaukee Bucks,663629.0,16186.0,17350.0,16768.0
504,2007,Oklahoma City Thunder,654163.0,15955.0,17445.0,16700.0
505,2007,Indiana Pacers,629750.0,15359.0,17802.0,16581.0
506,2007,Charlotte Hornets,637520.0,15549.0,17477.0,16513.0
507,2007,Atlanta Hawks,639375.0,15594.0,17170.0,16382.0
508,2007,Philadelphia 76ers,608603.0,14843.0,17849.0,16346.0
509,2007,Memphis Grizzlies,600836.0,14654.0,17336.0,15995.0
510,2006,Detroit Pistons,905116.0,22076.0,18637.0,20356.0
511,2006,Miami Heat,818149.0,19954.0,18991.0,19473.0
512,2006,Chicago Bulls,868720.0,21188.0,17397.0,19292.0
513,2006,Cleveland Cavaliers,792391.0,19326.0,18800.0,19063.0
514,2006,Dallas Mavericks,824693.0,20114.0,17591.0,18853.0
515,2006,Los Angeles Lakers,774189.0,18882.0,18812.0,18847.0
516,2006,San Antonio Spurs,770677.0,18797.0,18376.0,18586.0
517,2006,New York Knicks,776176.0,18931.0,17572.0,18251.0
518,2006,Phoenix Suns,730179.0,17809.0,17694.0,17751.0
519,2006,Utah Jazz,751621.0,18332.0,17048.0,17690.0
520,2006,Philadelphia 76ers,677278.0,16518.0,18627.0,17573.0
521,2006,Golden State Warriors,749185.0,18272.0,16775.0,17524.0
522,2006,New Orleans Pelicans,744920.0,18168.0,16659.0,17414.0
523,2006,Boston Celtics,692873.0,16899.0,17920.0,17409.0
524,2006,Denver Nuggets,702645.0,17137.0,17637.0,17387.0
525,2006,Brooklyn Nets,691543.0,16866.0,17710.0,17288.0
526,2006,Washington Wizards,705062.0,17196.0,17291.0,17244.0
527,2006,Sacramento Kings,709997.0,17317.0,17101.0,17209.0
528,2006,Los Angeles Clippers,712409.0,17375.0,16944.0,17160.0
529,2006,Indiana Pacers,663368.0,16179.0,17624.0,16902.0
530,2006,Milwaukee Bucks,681337.0,16617.0,17119.0,16868.0
531,2006,Toronto Raptors,699332.0,17056.0,16595.0,16826.0
532,2006,Minnesota Timberwolves,662167.0,16150.0,17421.0,16785.0
533,2006,Charlotte Hornets,671011.0,16366.0,17117.0,16741.0
534,2006,Oklahoma City Thunder,664157.0,16198.0,17195.0,16697.0
535,2006,Houston Rockets,636110.0,15514.0,17554.0,16534.0
536,2006,Memphis Grizzlies,647533.0,15793.0,17211.0,16502.0
537,2006,Orlando Magic,638005.0,15561.0,17084.0,16322.0
538,2006,Portland Trail Blazers,617019.0,15049.0,17144.0,16097.0
539,2006,Atlanta Hawks,617942.0,15071.0,17067.0,16069.0
540,2005,Detroit Pistons,905116.0,22076.0,17868.0,19972.0
541,2005,Miami Heat,815143.0,19881.0,18891.0,19386.0
542,2005,Los Angeles Lakers,770494.0,18792.0,18810.0,18801.0
543,2005,Chicago Bulls,828384.0,20204.0,17334.0,18769.0
544,2005,Cleveland Cavaliers,784249.0,19128.0,18275.0,18701.0
545,2005,Dallas Mavericks,822533.0,20061.0,17259.0,18660.0
546,2005,New York Knicks,800144.0,19515.0,17540.0,18528.0
547,2005,Philadelphia 76ers,732686.0,17870.0,17933.0,17902.0
548,2005,San Antonio Spurs,750970.0,18316.0,17419.0,17868.0
549,2005,Utah Jazz,769014.0,18756.0,16923.0,17839.0
550,2005,Phoenix Suns,726066.0,17708.0,17570.0,17639.0
551,2005,Denver Nuggets,723949.0,17657.0,17506.0,17582.0
552,2005,Minnesota Timberwolves,704438.0,17181.0,17874.0,17527.0
553,2005,Sacramento Kings,709997.0,17317.0,17702.0,17509.0
554,2005,Houston Rockets,663444.0,16181.0,18183.0,17182.0
555,2005,Washington Wizards,705069.0,17196.0,16862.0,17029.0
556,2005,Indiana Pacers,696764.0,16994.0,16895.0,16944.0
557,2005,Toronto Raptors,703388.0,17155.0,16677.0,16916.0
558,2005,Los Angeles Clippers,696181.0,16980.0,16735.0,16857.0
559,2005,Oklahoma City Thunder,675490.0,16475.0,17029.0,16752.0
560,2005,Memphis Grizzlies,691362.0,16862.0,16621.0,16742.0
561,2005,Portland Trail Blazers,680374.0,16594.0,16658.0,16626.0
562,2005,Boston Celtics,656081.0,16001.0,17216.0,16609.0
563,2005,Golden State Warriors,670368.0,16350.0,16708.0,16529.0
564,2005,Milwaukee Bucks,637009.0,15536.0,16651.0,16094.0
565,2005,Orlando Magic,597942.0,14583.0,17510.0,16047.0
566,2005,Brooklyn Nets,618681.0,15089.0,16624.0,15857.0
567,2005,Charlotte Hornets,591701.0,14431.0,16717.0,15574.0
568,2005,Atlanta Hawks,586390.0,14302.0,16730.0,15516.0
569,2005,New Orleans Pelicans,583070.0,14221.0,16690.0,15456.0
570,2004,Detroit Pistons,872902.0,21290.0,17127.0,19209.0
571,2004,Los Angeles Lakers,777757.0,18969.0,19380.0,19175.0
572,2004,Dallas Mavericks,825594.0,20136.0,17452.0,18794.0
573,2004,Cleveland Cavaliers,749790.0,18287.0,18755.0,18521.0
574,2004,Philadelphia 76ers,788128.0,19222.0,17672.0,18447.0
575,2004,New York Knicks,785739.0,19164.0,17589.0,18376.0
576,2004,Chicago Bulls,809177.0,19736.0,16517.0,18126.0
577,2004,Utah Jazz,785330.0,19154.0,16537.0,17845.0
578,2004,Minnesota Timberwolves,723071.0,17635.0,17862.0,17749.0
579,2004,San Antonio Spurs,739706.0,18041.0,17347.0,17694.0
580,2004,Sacramento Kings,709997.0,17317.0,17813.0,17565.0
581,2004,Toronto Raptors,750608.0,18307.0,16480.0,17394.0
582,2004,Denver Nuggets,721476.0,17596.0,17184.0,17390.0
583,2004,Indiana Pacers,678326.0,16544.0,17710.0,17127.0
584,2004,Houston Rockets,640794.0,15629.0,17768.0,16698.0
585,2004,Boston Celtics,664248.0,16201.0,16955.0,16578.0
586,2004,Milwaukee Bucks,690180.0,16833.0,16213.0,16523.0
587,2004,Portland Trail Blazers,684038.0,16683.0,16282.0,16483.0
588,2004,Phoenix Suns,670385.0,16350.0,16461.0,16406.0
589,2004,Los Angeles Clippers,665396.0,16229.0,16258.0,16243.0
590,2004,Brooklyn Nets,613051.0,14952.0,17358.0,16155.0
591,2004,Golden State Warriors,665648.0,16235.0,15885.0,16060.0
592,2004,Oklahoma City Thunder,625474.0,15255.0,16842.0,16049.0
593,2004,Memphis Grizzlies,622723.0,15188.0,16695.0,15941.0
594,2004,Miami Heat,624809.0,15239.0,16524.0,15881.0
595,2004,Washington Wizards,645363.0,15740.0,16008.0,15874.0
596,2004,Orlando Magic,589144.0,14369.0,16793.0,15581.0
597,2004,New Orleans Pelicans,587613.0,14332.0,16679.0,15505.0
598,2004,Atlanta Hawks,565728.0,13798.0,16282.0,15040.0
599,2003,Washington Wizards,827092.0,20172.0,19311.0,19742.0
600,2003,Philadelphia 76ers,807097.0,19685.0,18408.0,19046.0
601,2003,Los Angeles Lakers,777888.0,18972.0,19107.0,19040.0
602,2003,Dallas Mavericks,816429.0,19912.0,17618.0,18765.0
603,2003,Detroit Pistons,839278.0,20470.0,16053.0,18261.0
604,2003,New York Knicks,779479.0,19011.0,17104.0,18058.0
605,2003,Chicago Bulls,804303.0,19617.0,16268.0,17942.0
606,2003,Portland Trail Blazers,796250.0,19420.0,16458.0,17939.0
607,2003,Utah Jazz,786034.0,19171.0,16585.0,17878.0
608,2003,Toronto Raptors,777507.0,18963.0,16509.0,17736.0
609,2003,Sacramento Kings,709997.0,17317.0,17924.0,17620.0
610,2003,Boston Celtics,709049.0,17293.0,17263.0,17278.0
611,2003,San Antonio Spurs,735970.0,17950.0,16559.0,17255.0
612,2003,Los Angeles Clippers,706471.0,17231.0,16276.0,16753.0
613,2003,Indiana Pacers,670461.0,16352.0,16856.0,16604.0
614,2003,Phoenix Suns,666559.0,16257.0,16318.0,16288.0
615,2003,Milwaukee Bucks,665966.0,16243.0,16327.0,16285.0
616,2003,Minnesota Timberwolves,643684.0,15699.0,16657.0,16178.0
617,2003,Brooklyn Nets,622574.0,15184.0,16956.0,16070.0
618,2003,New Orleans Pelicans,641683.0,15650.0,16481.0,16066.0
619,2003,Orlando Magic,605901.0,14778.0,17305.0,16041.0
620,2003,Oklahoma City Thunder,637194.0,15541.0,16243.0,15892.0
621,2003,Golden State Warriors,634935.0,15486.0,16297.0,15891.0
622,2003,Houston Rockets,565166.0,13784.0,17919.0,15851.0
623,2003,Memphis Grizzlies,611322.0,14910.0,16277.0,15593.0
624,2003,Miami Heat,628242.0,15322.0,15844.0,15583.0
625,2003,Denver Nuggets,607813.0,14824.0,16299.0,15562.0
626,2003,Atlanta Hawks,528655.0,12894.0,16294.0,14594.0
627,2003,Cleveland Cavaliers,471374.0,11496.0,16087.0,13792.0
628,2002,Washington Wizards,847634.0,20674.0,19939.0,20306.0
629,2002,San Antonio Spurs,906390.0,22107.0,17248.0,19677.0
630,2002,Philadelphia 76ers,842976.0,20560.0,18720.0,19640.0
631,2002,Los Angeles Lakers,778877.0,18997.0,20102.0,19549.0
632,2002,Toronto Raptors,811135.0,19783.0,17200.0,18492.0
633,2002,New York Knicks,810283.0,19763.0,17082.0,18422.0
634,2002,Dallas Mavericks,802783.0,19580.0,17049.0,18314.0
635,2002,Portland Trail Blazers,797821.0,19459.0,16483.0,17971.0
636,2002,Utah Jazz,766108.0,18685.0,16667.0,17676.0
637,2002,Milwaukee Bucks,745305.0,18178.0,17043.0,17610.0
638,2002,Sacramento Kings,709997.0,17317.0,17701.0,17509.0
639,2002,Detroit Pistons,760807.0,18556.0,16417.0,17486.0
640,2002,Chicago Bulls,776311.0,18934.0,16000.0,17467.0
641,2002,Minnesota Timberwolves,731673.0,17845.0,16961.0,17403.0
642,2002,Los Angeles Clippers,740185.0,18053.0,16569.0,17311.0
643,2002,Boston Celtics,659751.0,16091.0,17576.0,16833.0
644,2002,Indiana Pacers,686537.0,16744.0,16677.0,16711.0
645,2002,Phoenix Suns,668939.0,16315.0,16765.0,16540.0
646,2002,Miami Heat,655549.0,15989.0,16702.0,16345.0
647,2002,Orlando Magic,621121.0,15149.0,17345.0,16247.0
648,2002,Denver Nuggets,633846.0,15459.0,16396.0,15928.0
649,2002,Oklahoma City Thunder,633516.0,15451.0,16013.0,15732.0
650,2002,Golden State Warriors,593182.0,14467.0,16202.0,15335.0
651,2002,Cleveland Cavaliers,596115.0,14539.0,15809.0,15174.0
652,2002,Memphis Grizzlies,591030.0,14415.0,15841.0,15128.0
653,2002,Brooklyn Nets,564194.0,13760.0,16403.0,15082.0
654,2002,Atlanta Hawks,506110.0,12344.0,16315.0,14329.0
655,2002,Houston Rockets,481227.0,11737.0,16551.0,14144.0
656,2002,New Orleans Pelicans,462738.0,11286.0,16457.0,13871.0
657,2001,San Antonio Spurs,913175.0,22272.0,16690.0,19481.0
658,2001,Los Angeles Lakers,776336.0,18935.0,19628.0,19281.0
659,2001,Philadelphia 76ers,805692.0,19651.0,18582.0,19116.0
660,2001,Chicago Bulls,888654.0,21674.0,16336.0,19005.0
661,2001,New York Knicks,810283.0,19763.0,17680.0,18721.0
662,2001,Portland Trail Blazers,831385.0,20277.0,17037.0,18657.0
663,2001,Toronto Raptors,793256.0,19347.0,17611.0,18479.0
664,2001,Utah Jazz,792196.0,19321.0,16989.0,18155.0
665,2001,Sacramento Kings,709997.0,17317.0,18438.0,17877.0
666,2001,Phoenix Suns,737586.0,17989.0,17157.0,17573.0
667,2001,Indiana Pacers,733444.0,17888.0,16508.0,17198.0
668,2001,Minnesota Timberwolves,717371.0,17496.0,16787.0,17142.0
669,2001,Miami Heat,677186.0,16516.0,17046.0,16781.0
670,2001,Milwaukee Bucks,683125.0,16661.0,16584.0,16623.0
671,2001,Dallas Mavericks,680138.0,16588.0,15761.0,16175.0
672,2001,Oklahoma City Thunder,640847.0,15630.0,16497.0,16063.0
673,2001,Cleveland Cavaliers,650775.0,15872.0,16064.0,15968.0
674,2001,Boston Celtics,629201.0,15346.0,16436.0,15891.0
675,2001,Orlando Magic,605031.0,14756.0,16810.0,15783.0
676,2001,New Orleans Pelicans,615424.0,15010.0,16500.0,15755.0
677,2001,Denver Nuggets,619300.0,15104.0,16403.0,15754.0
678,2001,Washington Wizards,638653.0,15576.0,15872.0,15724.0
679,2001,Detroit Pistons,607323.0,14812.0,16397.0,15604.0
680,2001,Golden State Warriors,591981.0,14438.0,16058.0,15248.0
681,2001,Los Angeles Clippers,599448.0,14620.0,15823.0,15222.0
682,2001,Atlanta Hawks,560324.0,13666.0,16403.0,15035.0
683,2001,Brooklyn Nets,566077.0,13806.0,16085.0,14946.0
684,2001,Memphis Grizzlies,563218.0,13737.0,15822.0,14779.0
685,2001,Houston Rockets,518555.0,12647.0,16714.0,14680.0
